[
  {
    "id": "5d25b528-11b3-4be9-9815-c08b9a0be51e",
    "data": [
      {
        "text": "/commands",
        "userDefined": false
      }
    ],
    "isTemplate": false,
    "count": 0,
    "updated": 0
  },
  {
    "id": "6f060ff9-cf08-4aad-8088-33974190330c",
    "data": [
      {
        "text": "/comandos",
        "userDefined": false
      }
    ],
    "isTemplate": false,
    "count": 0,
    "updated": 0
  },
  {
    "id": "7cc984df-e244-4046-8bd1-509043402038",
    "data": [
      {
        "text": "ayúdame a qué hacer",
        "userDefined": false
      }
    ],
    "isTemplate": false,
    "count": 0,
    "updated": 0
  },
  {
    "id": "b5b652d9-0aa2-4023-a154-4c70c0dc3a2d",
    "data": [
      {
        "text": "que comandos puedo ejecutar",
        "userDefined": false
      }
    ],
    "isTemplate": false,
    "count": 0,
    "updated": 0
  },
  {
    "id": "dc22ab99-bd90-442e-80ab-82792c2aa336",
    "data": [
      {
        "text": "que comandos tienes",
        "userDefined": false
      }
    ],
    "isTemplate": false,
    "count": 0,
    "updated": 0
  },
  {
    "id": "7e988ab2-6acc-4ff1-9afe-d8b9472aeda6",
    "data": [
      {
        "text": "comandos que ejecutar",
        "userDefined": false
      }
    ],
    "isTemplate": false,
    "count": 0,
    "updated": 0
  },
  {
    "id": "8519498a-6bdb-49f1-a4f9-2cdb462bc929",
    "data": [
      {
        "text": "comandos",
        "userDefined": false
      }
    ],
    "isTemplate": false,
    "count": 0,
    "updated": 0
  },
  {
    "id": "d714f54a-e862-44a0-8f28-cd911c14c5b6",
    "data": [
      {
        "text": "ando perdido",
        "userDefined": false
      }
    ],
    "isTemplate": false,
    "count": 0,
    "updated": 0
  },
  {
    "id": "ab182d61-bac7-4132-aa5b-bf89495fe73b",
    "data": [
      {
        "text": "ando confuso",
        "userDefined": false
      }
    ],
    "isTemplate": false,
    "count": 0,
    "updated": 0
  },
  {
    "id": "fc67dd0b-fc1d-44de-817c-a5e514731b91",
    "data": [
      {
        "text": "estoy confuso",
        "userDefined": false
      }
    ],
    "isTemplate": false,
    "count": 0,
    "updated": 0
  },
  {
    "id": "d656d17c-4b7f-4cf0-b2df-12b5261d87cf",
    "data": [
      {
        "text": "estoy perdido",
        "userDefined": false
      }
    ],
    "isTemplate": false,
    "count": 0,
    "updated": 0
  },
  {
    "id": "9a0b8a7f-7784-47bc-a544-a6fb6481b652",
    "data": [
      {
        "text": "dime que hacer",
        "userDefined": false
      }
    ],
    "isTemplate": false,
    "count": 0,
    "updated": 0
  },
  {
    "id": "9176e26d-9bad-4bbd-9211-510d3dfb4a17",
    "data": [
      {
        "text": "en que puedes ayudarme",
        "userDefined": false
      }
    ],
    "isTemplate": false,
    "count": 0,
    "updated": 0
  },
  {
    "id": "c628c65d-3bf2-45e2-8061-8b8037962a7b",
    "data": [
      {
        "text": "que hago contigo?",
        "userDefined": false
      }
    ],
    "isTemplate": false,
    "count": 0,
    "updated": 0
  },
  {
    "id": "6ad0ec98-8e99-47e9-a3b7-7aa60b364794",
    "data": [
      {
        "text": "que comandos puedo ejecutar?",
        "userDefined": false
      }
    ],
    "isTemplate": false,
    "count": 0,
    "updated": 0
  },
  {
    "id": "a4475059-bbf7-464b-acc3-12a4981d59b6",
    "data": [
      {
        "text": "comandos que puedo ejecutar",
        "userDefined": false
      }
    ],
    "isTemplate": false,
    "count": 0,
    "updated": 0
  },
  {
    "id": "0640aa6a-033e-434f-9a86-14bca116e9f0",
    "data": [
      {
        "text": "no se que hacer",
        "userDefined": false
      }
    ],
    "isTemplate": false,
    "count": 0,
    "updated": 0
  },
  {
    "id": "29ca5cdf-e57d-41b3-9101-182666344bcc",
    "data": [
      {
        "text": "help me",
        "userDefined": false
      }
    ],
    "isTemplate": false,
    "count": 0,
    "updated": 0
  },
  {
    "id": "e6e73e55-8acc-461e-ab7e-d8937450d362",
    "data": [
      {
        "text": "ayudame",
        "userDefined": false
      }
    ],
    "isTemplate": false,
    "count": 0,
    "updated": 0
  },
  {
    "id": "723e74fc-3da8-45e7-8236-5ec41ca98254",
    "data": [
      {
        "text": "que haces?",
        "userDefined": false
      }
    ],
    "isTemplate": false,
    "count": 0,
    "updated": 0
  },
  {
    "id": "43c8b344-b197-45e4-93b1-4ada572fbc1b",
    "data": [
      {
        "text": "¿que puedo hacer?",
        "userDefined": false
      }
    ],
    "isTemplate": false,
    "count": 0,
    "updated": 0
  },
  {
    "id": "681ecb34-6961-4139-a2f9-f5e6282486e8",
    "data": [
      {
        "text": "¿que se puede hacer?",
        "userDefined": false
      }
    ],
    "isTemplate": false,
    "count": 0,
    "updated": 0
  },
  {
    "id": "15804489-738e-4fe5-bae9-5bcbcab1559c",
    "data": [
      {
        "text": "que puedo hacer con el bot",
        "userDefined": false
      }
    ],
    "isTemplate": false,
    "count": 0,
    "updated": 0
  },
  {
    "id": "6489c591-907d-4304-a076-f520f7c624a7",
    "data": [
      {
        "text": "/ayuda",
        "userDefined": false
      }
    ],
    "isTemplate": false,
    "count": 0,
    "updated": 0
  },
  {
    "id": "69e5de16-8dd4-44e0-88be-0263263bb92a",
    "data": [
      {
        "text": "/help",
        "userDefined": false
      }
    ],
    "isTemplate": false,
    "count": 0,
    "updated": 0
  },
  {
    "id": "46577d4f-9678-45e0-886f-6e2a3b312284",
    "data": [
      {
        "text": "help",
        "userDefined": false
      }
    ],
    "isTemplate": false,
    "count": 0,
    "updated": 0
  },
  {
    "id": "83b78e36-dc1a-4b17-992f-7eb848512fc2",
    "data": [
      {
        "text": "ayuda",
        "userDefined": false
      }
    ],
    "isTemplate": false,
    "count": 0,
    "updated": 0
  }
]