[
  {
    "id": "6afea7c7-4e83-4843-8407-b4e532ba0682",
    "data": [
      {
        "text": "cuando es la charla de ",
        "userDefined": false
      },
      {
        "text": "Gisela",
        "alias": "speaker_entities",
        "meta": "@speaker_entities",
        "userDefined": false
      },
      {
        "text": "?",
        "userDefined": false
      }
    ],
    "isTemplate": false,
    "count": 0,
    "updated": 0
  },
  {
    "id": "523fcdec-56ec-409a-b25d-7aec0af9c047",
    "data": [
      {
        "text": "a que hora será la charla de ",
        "userDefined": false
      },
      {
        "text": "Gisela?",
        "alias": "speaker_entities",
        "meta": "@speaker_entities",
        "userDefined": true
      }
    ],
    "isTemplate": false,
    "count": 0,
    "updated": 0
  },
  {
    "id": "383d9944-c0eb-4f50-a34c-e1b9ef5b469e",
    "data": [
      {
        "text": "cuando es la charla de ",
        "userDefined": false
      },
      {
        "text": "Pablo",
        "alias": "speaker_entities",
        "meta": "@speaker_entities",
        "userDefined": false
      },
      {
        "text": " ",
        "userDefined": false
      },
      {
        "text": "Manuel",
        "alias": "speaker_entities",
        "meta": "@speaker_entities",
        "userDefined": true
      }
    ],
    "isTemplate": false,
    "count": 0,
    "updated": 0
  },
  {
    "id": "6917f28b-a607-471b-ac32-33180a4cb365",
    "data": [
      {
        "text": "a que hora es la ponencia de ",
        "userDefined": false
      },
      {
        "text": "Pedro",
        "alias": "speaker_entities",
        "meta": "@speaker_entities",
        "userDefined": false
      }
    ],
    "isTemplate": false,
    "count": 0,
    "updated": 0
  },
  {
    "id": "3dfb239a-84f5-431b-ae5c-0c07fc2372c5",
    "data": [
      {
        "text": "a que hora es la charla de ",
        "userDefined": false
      },
      {
        "text": "Pedro",
        "alias": "speaker_entities",
        "meta": "@speaker_entities",
        "userDefined": false
      }
    ],
    "isTemplate": false,
    "count": 0,
    "updated": 0
  },
  {
    "id": "62cab922-31e2-4e97-bb39-cd5c620a8c73",
    "data": [
      {
        "text": "a que hora son las charlas?",
        "userDefined": false
      }
    ],
    "isTemplate": false,
    "count": 0,
    "updated": 0
  },
  {
    "id": "6fc81604-e4e7-4752-b313-d86d9be586a1",
    "data": [
      {
        "text": "horas de las charlas",
        "userDefined": false
      }
    ],
    "isTemplate": false,
    "count": 0,
    "updated": 0
  },
  {
    "id": "71df40c8-a242-44ab-959f-9461cbd7d8e0",
    "data": [
      {
        "text": "horas de ponencias del evento",
        "userDefined": false
      }
    ],
    "isTemplate": false,
    "count": 0,
    "updated": 0
  },
  {
    "id": "8f31545c-8383-40c4-b713-82f991ccd6ae",
    "data": [
      {
        "text": "dime la agenda del pai dei",
        "userDefined": false
      }
    ],
    "isTemplate": false,
    "count": 0,
    "updated": 0
  },
  {
    "id": "8b63d500-1224-4fa3-9c90-29f8d86ec203",
    "data": [
      {
        "text": "agenda del pai dei",
        "userDefined": false
      }
    ],
    "isTemplate": false,
    "count": 0,
    "updated": 0
  },
  {
    "id": "304bc65d-8555-46eb-bb42-cb0f57e70cfb",
    "data": [
      {
        "text": "horario del py day",
        "userDefined": false
      }
    ],
    "isTemplate": false,
    "count": 0,
    "updated": 0
  },
  {
    "id": "795b77b5-4a70-44b1-88fc-34200ddab03c",
    "data": [
      {
        "text": "horario del pai dei",
        "userDefined": false
      }
    ],
    "isTemplate": false,
    "count": 0,
    "updated": 0
  },
  {
    "id": "29652db6-88c1-45fc-a270-6ca4e03afded",
    "data": [
      {
        "text": "horario del evento",
        "userDefined": false
      }
    ],
    "isTemplate": false,
    "count": 0,
    "updated": 0
  },
  {
    "id": "17c68e98-68be-4ec7-9434-c8649bdce715",
    "data": [
      {
        "text": "horario",
        "userDefined": false
      }
    ],
    "isTemplate": false,
    "count": 0,
    "updated": 0
  },
  {
    "id": "8b964afc-cbed-4ba1-8081-f73bce09ff49",
    "data": [
      {
        "text": "cual es la agenda del evento",
        "userDefined": false
      }
    ],
    "isTemplate": false,
    "count": 0,
    "updated": 0
  },
  {
    "id": "c902a1d3-3443-4b92-9eb7-3154637fedf2",
    "data": [
      {
        "text": "cual es la agenda del pai dei?",
        "userDefined": false
      }
    ],
    "isTemplate": false,
    "count": 0,
    "updated": 0
  },
  {
    "id": "232edd84-903b-4f9d-8579-2d72edef1854",
    "data": [
      {
        "text": "cual es la agenda del pyday",
        "userDefined": false
      }
    ],
    "isTemplate": false,
    "count": 0,
    "updated": 0
  },
  {
    "id": "629f62e4-cc23-461c-be0f-f09073bd39b9",
    "data": [
      {
        "text": "cual es la agenda",
        "userDefined": false
      }
    ],
    "isTemplate": false,
    "count": 0,
    "updated": 0
  },
  {
    "id": "9f92b9cc-fa78-4a50-b351-496c8461d66d",
    "data": [
      {
        "text": "que me ",
        "userDefined": false
      },
      {
        "text": "dices",
        "meta": "@sys.ignore",
        "userDefined": false
      },
      {
        "text": " de la agenda?",
        "userDefined": false
      }
    ],
    "isTemplate": false,
    "count": 0,
    "updated": 0
  },
  {
    "id": "62fb386c-8d23-41b3-8bde-5b02b94e7f66",
    "data": [
      {
        "text": "horas de ponencias",
        "userDefined": false
      }
    ],
    "isTemplate": false,
    "count": 0,
    "updated": 0
  },
  {
    "id": "b124529f-52ca-49bb-9edf-71c43b5a3034",
    "data": [
      {
        "text": "dime la agenda",
        "userDefined": false
      }
    ],
    "isTemplate": false,
    "count": 0,
    "updated": 0
  },
  {
    "id": "6e4ba311-cd5f-4654-8fd1-27891516e534",
    "data": [
      {
        "text": "no me se la agenda",
        "userDefined": false
      }
    ],
    "isTemplate": false,
    "count": 0,
    "updated": 0
  },
  {
    "id": "a2409dea-e2c5-4dbe-81cf-928d00f929ad",
    "data": [
      {
        "text": "horas de las ponencias",
        "userDefined": false
      }
    ],
    "isTemplate": false,
    "count": 0,
    "updated": 0
  },
  {
    "id": "5b4b580b-78c1-47d3-9cb6-b1bf8bd1741e",
    "data": [
      {
        "text": "dime las horas de las ponencias",
        "userDefined": false
      }
    ],
    "isTemplate": false,
    "count": 0,
    "updated": 0
  },
  {
    "id": "cb8ab5f2-ea9b-4177-a772-64ea395515d6",
    "data": [
      {
        "text": "a que hora son las ponencias",
        "userDefined": false
      }
    ],
    "isTemplate": false,
    "count": 0,
    "updated": 0
  },
  {
    "id": "02486bc0-5050-4402-b683-ceec5d62dfae",
    "data": [
      {
        "text": "dime la agenda del pyday",
        "userDefined": false
      }
    ],
    "isTemplate": false,
    "count": 0,
    "updated": 0
  },
  {
    "id": "ef17c1ac-3bc1-4267-9af3-c3b83d77e34a",
    "data": [
      {
        "text": "cual es la agenda del pyday?",
        "userDefined": false
      }
    ],
    "isTemplate": false,
    "count": 0,
    "updated": 0
  },
  {
    "id": "9ae840b8-868d-43d4-b7a5-cb9b6439a6a3",
    "data": [
      {
        "text": "agenda del pyday",
        "userDefined": false
      }
    ],
    "isTemplate": false,
    "count": 0,
    "updated": 0
  },
  {
    "id": "36edb670-e450-4e80-95b8-4c3cb94ff09e",
    "data": [
      {
        "text": "agenda",
        "userDefined": false
      }
    ],
    "isTemplate": false,
    "count": 0,
    "updated": 0
  }
]