[
  {
    "id": "ac323467-035b-43cd-a223-5d951fd7425d",
    "data": [
      {
        "text": "sponsors del paiton dey",
        "userDefined": false
      }
    ],
    "isTemplate": false,
    "count": 0,
    "updated": 0
  },
  {
    "id": "dd3f7331-1dda-42f7-b366-173a2907f1b4",
    "data": [
      {
        "text": "sponsors del paiton dei",
        "userDefined": false
      }
    ],
    "isTemplate": false,
    "count": 0,
    "updated": 0
  },
  {
    "id": "254b6b32-52aa-4834-8621-eae274378205",
    "data": [
      {
        "text": "patrocinadores del paiton dey",
        "userDefined": false
      }
    ],
    "isTemplate": false,
    "count": 0,
    "updated": 0
  },
  {
    "id": "16ddb8c3-7741-41ed-b7d5-0fbc02186ad7",
    "data": [
      {
        "text": "patrocinadores del paiton dei",
        "userDefined": false
      }
    ],
    "isTemplate": false,
    "count": 0,
    "updated": 0
  },
  {
    "id": "04742f8b-731f-46c4-8d04-1eacc2e6d08e",
    "data": [
      {
        "text": "sponsors del python day",
        "userDefined": false
      }
    ],
    "isTemplate": false,
    "count": 0,
    "updated": 0
  },
  {
    "id": "f55224d6-45a0-4a65-bf7f-c646b714d68b",
    "data": [
      {
        "text": "patrocinadores del evento python day",
        "userDefined": false
      }
    ],
    "isTemplate": false,
    "count": 0,
    "updated": 0
  },
  {
    "id": "e2acc5cd-3b44-46bd-9dad-5316e64c0fd0",
    "data": [
      {
        "text": "esponsores del Pyday",
        "userDefined": false
      }
    ],
    "isTemplate": false,
    "count": 0,
    "updated": 0
  },
  {
    "id": "07d98a68-6301-4a58-b60d-8bd49700472e",
    "data": [
      {
        "text": "sponsors del PyDay",
        "userDefined": false
      }
    ],
    "isTemplate": false,
    "count": 0,
    "updated": 0
  },
  {
    "id": "ca929b6d-196e-4d94-bbee-66399f752848",
    "data": [
      {
        "text": "patrocinadores del PyDay",
        "userDefined": false
      }
    ],
    "isTemplate": false,
    "count": 0,
    "updated": 0
  },
  {
    "id": "55ef20c3-9f48-4191-8ded-ace52ec0510f",
    "data": [
      {
        "text": "patrocinadores del pai dei",
        "userDefined": false
      }
    ],
    "isTemplate": false,
    "count": 0,
    "updated": 0
  },
  {
    "id": "8f3bfa2b-999f-495d-a157-ef29383bc43f",
    "data": [
      {
        "text": "quienes son los patrocinadores del evento",
        "userDefined": false
      }
    ],
    "isTemplate": false,
    "count": 0,
    "updated": 0
  },
  {
    "id": "3566a910-3e5a-43fa-8e89-d32257bd61d5",
    "data": [
      {
        "text": "los patrocinios del evento",
        "userDefined": false
      }
    ],
    "isTemplate": false,
    "count": 0,
    "updated": 0
  },
  {
    "id": "734de317-25de-4f0c-8b5d-bc989410bcd7",
    "data": [
      {
        "text": "quien patrocina el evento?",
        "userDefined": false
      }
    ],
    "isTemplate": false,
    "count": 0,
    "updated": 0
  },
  {
    "id": "38b4ebd5-13e0-4f3f-88af-a2491f2963b6",
    "data": [
      {
        "text": "esponsores del evento",
        "userDefined": false
      }
    ],
    "isTemplate": false,
    "count": 0,
    "updated": 0
  },
  {
    "id": "7ec3c346-fb60-4c9c-98e5-010721e0dd15",
    "data": [
      {
        "text": "sponsors del evento",
        "userDefined": false
      }
    ],
    "isTemplate": false,
    "count": 0,
    "updated": 0
  },
  {
    "id": "e9abc4ef-9f3f-4eeb-979e-5ad5cb8d6b48",
    "data": [
      {
        "text": "patrocinadores del evento",
        "userDefined": false
      }
    ],
    "isTemplate": false,
    "count": 0,
    "updated": 0
  },
  {
    "id": "f64d42e3-64ae-4c10-a87b-7436f30a6b18",
    "data": [
      {
        "text": "cuales son los patrocinadores del evento",
        "userDefined": false
      }
    ],
    "isTemplate": false,
    "count": 0,
    "updated": 0
  },
  {
    "id": "fb278f93-d7aa-42a2-a2e2-a7cd7f52c300",
    "data": [
      {
        "text": "quienes patrocinan el evento?",
        "userDefined": false
      }
    ],
    "isTemplate": false,
    "count": 0,
    "updated": 0
  },
  {
    "id": "20045e94-91be-432d-9534-f0692ee76bc5",
    "data": [
      {
        "text": "patrocinador",
        "userDefined": false
      }
    ],
    "isTemplate": false,
    "count": 0,
    "updated": 0
  },
  {
    "id": "0654f71c-955b-415b-a4e6-1e3f58abb08f",
    "data": [
      {
        "text": "esponsores",
        "userDefined": false
      }
    ],
    "isTemplate": false,
    "count": 0,
    "updated": 0
  },
  {
    "id": "a265643a-6cc3-4f09-83bd-3b1213beb1b9",
    "data": [
      {
        "text": "esponsors",
        "userDefined": false
      }
    ],
    "isTemplate": false,
    "count": 0,
    "updated": 0
  },
  {
    "id": "88f0d04d-3fed-4bb1-84e8-371c60297c8d",
    "data": [
      {
        "text": "patrocinadores",
        "userDefined": false
      }
    ],
    "isTemplate": false,
    "count": 0,
    "updated": 0
  },
  {
    "id": "3859b62f-9063-43eb-b2ef-511eea215f8e",
    "data": [
      {
        "text": "sponsors",
        "userDefined": false
      }
    ],
    "isTemplate": false,
    "count": 0,
    "updated": 0
  }
]