[
  {
    "value": "MIguel",
    "synonyms": [
      "MIguel",
      "Miguel Jimenez",
      "MIguel Jimenez García"
    ]
  },
  {
    "value": "Carlos",
    "synonyms": [
      "Carlos",
      "Carlos Ble"
    ]
  },
  {
    "value": "Pedro",
    "synonyms": [
      "Pedro",
      "Pedro Manuel",
      "Pedro Manuel Ramos",
      "Pedro Manuel Ramos Rodríguez"
    ]
  },
  {
    "value": "Gisela",
    "synonyms": [
      "Gisela",
      "Gisela Rossi"
    ]
  },
  {
    "value": "Oliver",
    "synonyms": [
      "Oliver",
      "Oliver Gutierrez"
    ]
  },
  {
    "value": "Amanda",
    "synonyms": [
      "Amanda",
      "Amanda García"
    ]
  },
  {
    "value": "Alberto",
    "synonyms": [
      "Alberto",
      "Alberto Ruiz",
      "Alberto Ruiz Benítez"
    ]
  },
  {
    "value": "Laeticia",
    "synonyms": [
      "Laeticia",
      "Laeticia Dos Santos"
    ]
  },
  {
    "value": "Mai",
    "synonyms": [
      "Mai",
      "Mai Giménez"
    ]
  },
  {
    "value": "Pablo",
    "synonyms": [
      "Pablo",
      "Pablo Manuel",
      "Pablo Manuel García",
      "Pablo Manuel García Corzo"
    ]
  },
  {
    "value": "Jacobo",
    "synonyms": [
      "Jacobo",
      "Jacobo de Vera"
    ]
  }
]